input_domain,final_url,reg_domain,score,bucket,confidence,pages_fetched,success_rate,sitemap_found,blocked_or_captcha,adsense_pub_ids,gtm_ids,ga_ids,reasons
1011fmtheanswer.com,https://1011fmtheanswer.com/,1011fmtheanswer.com,49,Need more evidence,0.1,1,1.0,False,True,,,,Thin content on sampled pages (low median text length) ; No obvious Article/News structured data detected ; High outbound/external link ratio ; Affiliate/arbitrage markers detected ; No clear About page found ; No clear Contact page found ; No clear Privacy/Terms links found
10minutemail.com,https://10minutemail.com/,10minutemail.com,49,Need more evidence,0.1,1,1.0,False,True,,,,Thin content on sampled pages (low median text length) ; No obvious Article/News structured data detected ; High outbound/external link ratio ; Affiliate/arbitrage markers detected ; No clear About page found ; No clear Contact page found ; No clear Privacy/Terms links found
15track.com,https://15track.com/,15track.com,49,Need more evidence,0.1,1,1.0,False,True,,,,Thin content on sampled pages (low median text length) ; No obvious Article/News structured data detected ; High outbound/external link ratio ; Affiliate/arbitrage markers detected ; No clear About page found ; No clear Contact page found ; No clear Privacy/Terms links found
8newsnow.com,https://8newsnow.com/,8newsnow.com,52,Need more evidence,0.1,1,1.0,False,True,,,,Thin content on sampled pages (low median text length) ; No obvious Article/News structured data detected ; High outbound/external link ratio ; No clear About page found ; No clear Contact page found ; No clear Privacy/Terms links found
12facts.com,https://12facts.com/,12facts.com,57,Need more evidence,0.45,9,1.0,True,True,pub-3540039544767765,GTM-MQ9JBKR,,Thin content on sampled pages (low median text length) ; High template/boilerplate similarity across pages ; No obvious Article/News structured data detected ; Affiliate/arbitrage markers detected ; No clear About page found ; Push/notification prompting keywords detected ; Interstitial/overlay/dark-pattern keywords detected
130point.com,https://130point.com/,130point.com,58,Need more evidence,0.35,3,1.0,True,True,,,G-7FRGGRPYK7,Thin content on sampled pages (low median text length) ; No obvious Article/News structured data detected ; Affiliate/arbitrage markers detected ; No clear About page found ; No clear Contact page found ; No clear Privacy/Terms links found ; Push/notification prompting keywords detected ; Interstitial/overlay/dark-pattern keywords detected
1075thepeak.com,https://1075thepeak.com/,1075thepeak.com,58,Need more evidence,0.35,6,1.0,False,True,,GTM-K346HJZ,G-GEYKVDX589|G-VJX7G4DPC9|UA-115003007-2|UA-115003007-3|UA-115003007-4|UA-115003007-7|UA-115003007-8|UA-180756957-9|UA-19109753-1|UA-19109753-74|UA-53779251-1|UA-53779251-3|UA-53779251-5|UA-90988823-11|UA-90988823-7,Thin content on sampled pages (low median text length) ; No obvious Article/News structured data detected ; Affiliate/arbitrage markers detected ; No clear About page found ; No clear Contact page found ; Push/notification prompting keywords detected ; Interstitial/overlay/dark-pattern keywords detected ; Auto-refresh / ad refresh keywords detected
1037theriver.com,https://1037theriver.com/,1037theriver.com,58,Need more evidence,0.35,6,1.0,False,True,,GTM-K346HJZ|GTM-NV8XQ98,G-B7R3EDZ2FG|G-DMN9HBEWN6|UA-115003007-2|UA-115003007-3|UA-115003007-4|UA-115003007-7|UA-115003007-8|UA-180756957-3|UA-19109753-1|UA-19109753-74|UA-53779251-1|UA-53779251-3|UA-53779251-5|UA-99944792-2|UA-99944792-4,Thin content on sampled pages (low median text length) ; No obvious Article/News structured data detected ; Affiliate/arbitrage markers detected ; No clear About page found ; No clear Contact page found ; Push/notification prompting keywords detected ; Interstitial/overlay/dark-pattern keywords detected ; Auto-refresh / ad refresh keywords detected
1039thebreezealbany.com,https://zoey1039.com/,zoey1039.com,58,Need more evidence,0.35,5,0.833,False,True,,GTM-K346HJZ|GTM-NV8XQ98,G-PKYF6HK968|G-VSS0NKNRFV|UA-115003007-2|UA-115003007-3|UA-115003007-4|UA-115003007-7|UA-115003007-8|UA-1802293-19|UA-1802293-8|UA-180756957-7|UA-19109753-1|UA-28825804-1|UA-45260060-7|UA-53779251-1|UA-53779251-3|UA-53779251-5,Thin content on sampled pages (low median text length) ; No obvious Article/News structured data detected ; Affiliate/arbitrage markers detected ; No clear About page found ; No clear Contact page found ; Push/notification prompting keywords detected ; Interstitial/overlay/dark-pattern keywords detected ; Auto-refresh / ad refresh keywords detected
24h.com.vn,https://www.24h.com.vn/,24h.com.vn,59,Need more evidence,0.2,1,1.0,True,True,,,G-24EL5B93N8,No obvious Article/News structured data detected ; Affiliate/arbitrage markers detected ; No clear About page found ; No clear Contact page found ; No clear Privacy/Terms links found ; Push/notification prompting keywords detected ; Auto-refresh / ad refresh keywords detected
100daysofrealfood.com,https://www.100daysofrealfood.com/,100daysofrealfood.com,60,Need more evidence,0.45,9,1.0,True,True,,,G-M12X7X85QD,Thin content on sampled pages (low median text length) ; No obvious Article/News structured data detected ; Affiliate/arbitrage markers detected ; No clear About page found ; No clear Contact page found ; No clear Privacy/Terms links found ; Push/notification prompting keywords detected ; Interstitial/overlay/dark-pattern keywords detected
100tattoos.com,https://100tattoos.com/,100tattoos.com,61,Need more evidence,0.5,1,1.0,False,False,,,,Thin content on sampled pages (low median text length) ; No obvious Article/News structured data detected ; High outbound/external link ratio ; Affiliate/arbitrage markers detected ; No clear About page found ; No clear Contact page found ; No clear Privacy/Terms links found
100noticias.com.ni,http://100noticias.com.ni/,100noticias.com.ni,62,Need more evidence,0.3,0,0.0,False,False,,,,Thin content on sampled pages (low median text length) ; No obvious Article/News structured data detected ; No clear About page found ; No clear Contact page found ; No clear Privacy/Terms links found
123helpme.com,https://www.123helpme.com/,123helpme.com,62,Need more evidence,0.3,0,0.0,False,False,,,,Thin content on sampled pages (low median text length) ; No obvious Article/News structured data detected ; No clear About page found ; No clear Contact page found ; No clear Privacy/Terms links found
1460espnyakima.com,http://1460espnyakima.com/,1460espnyakima.com,62,Need more evidence,0.3,0,0.0,False,False,,,,Thin content on sampled pages (low median text length) ; No obvious Article/News structured data detected ; No clear About page found ; No clear Contact page found ; No clear Privacy/Terms links found
247sports.com,http://247sports.com/,247sports.com,62,Need more evidence,0.3,0,0.0,False,False,,,,Thin content on sampled pages (low median text length) ; No obvious Article/News structured data detected ; No clear About page found ; No clear Contact page found ; No clear Privacy/Terms links found
9gag.com,https://9gag.com/,9gag.com,62,Need more evidence,0.5,1,1.0,False,False,,,G-YY84CFQCF5,Thin content on sampled pages (low median text length) ; No obvious Article/News structured data detected ; Affiliate/arbitrage markers detected ; No clear About page found ; No clear Contact page found ; No clear Privacy/Terms links found ; Push/notification prompting keywords detected ; Interstitial/overlay/dark-pattern keywords detected
abc.com.py,https://www.abc.com.py/,abc.com.py,62,Need more evidence,0.5,1,1.0,False,False,,GTM-TQKRBZ9,,Thin content on sampled pages (low median text length) ; No obvious Article/News structured data detected ; Affiliate/arbitrage markers detected ; No clear About page found ; No clear Contact page found ; No clear Privacy/Terms links found ; Push/notification prompting keywords detected ; Interstitial/overlay/dark-pattern keywords detected
1000rr.net,http://1000rr.net/,1000rr.net,62,Need more evidence,0.3,0,0.0,False,False,,,,Thin content on sampled pages (low median text length) ; No obvious Article/News structured data detected ; No clear About page found ; No clear Contact page found ; No clear Privacy/Terms links found
12minuteathlete.com,https://www.12minuteathlete.com/,12minuteathlete.com,62,Need more evidence,0.45,9,1.0,True,True,,gtm-id,,Thin content on sampled pages (low median text length) ; No obvious Article/News structured data detected ; Affiliate/arbitrage markers detected ; No clear Privacy/Terms links found ; Push/notification prompting keywords detected ; Interstitial/overlay/dark-pattern keywords detected ; Auto-refresh / ad refresh keywords detected
124spider.org,http://124spider.org/,124spider.org,62,Need more evidence,0.3,0,0.0,False,False,,,,Thin content on sampled pages (low median text length) ; No obvious Article/News structured data detected ; No clear About page found ; No clear Contact page found ; No clear Privacy/Terms links found
advocate.com,http://advocate.com/,advocate.com,62,Need more evidence,0.3,0,0.0,False,False,,,,Thin content on sampled pages (low median text length) ; No obvious Article/News structured data detected ; No clear About page found ; No clear Contact page found ; No clear Privacy/Terms links found
advrider.com,http://advrider.com/,advrider.com,62,Need more evidence,0.3,0,0.0,False,False,,,,Thin content on sampled pages (low median text length) ; No obvious Article/News structured data detected ; No clear About page found ; No clear Contact page found ; No clear Privacy/Terms links found
10best.com,https://10best.usatoday.com/,usatoday.com,63,Need more evidence,0.45,6,1.0,True,True,,,,Thin content on sampled pages (low median text length) ; No obvious Article/News structured data detected ; Affiliate/arbitrage markers detected ; Push/notification prompting keywords detected ; Interstitial/overlay/dark-pattern keywords detected ; Auto-refresh / ad refresh keywords detected
1073theeagle.com,https://www.1073theeagle.com/unavailable-location/,1073theeagle.com,63,Need more evidence,0.5,1,1.0,False,False,,GTM-KXX5GGC,,Thin content on sampled pages (low median text length) ; No obvious Article/News structured data detected ; Affiliate/arbitrage markers detected ; No clear About page found ; No clear Contact page found ; No clear Privacy/Terms links found ; Push/notification prompting keywords detected ; Interstitial/overlay/dark-pattern keywords detected
1001tracklists.com,https://www.1001tracklists.com/,1001tracklists.com,64,Need more evidence,0.5,1,1.0,False,False,,,,Thin content on sampled pages (low median text length) ; No obvious Article/News structured data detected ; Affiliate/arbitrage markers detected ; No clear About page found ; No clear Contact page found ; No clear Privacy/Terms links found ; Interstitial/overlay/dark-pattern keywords detected
1051theblock.com,https://1051theblock.com/,1051theblock.com,64,Need more evidence,0.35,6,1.0,False,True,,GTM-K346HJZ,G-MEG6ZQB6P7|G-V4K3XBH6P6|UA-115003007-2|UA-115003007-3|UA-115003007-4|UA-115003007-7|UA-115003007-8|UA-53779251-1|UA-53779251-3|UA-53779251-5,No obvious Article/News structured data detected ; Affiliate/arbitrage markers detected ; No clear About page found ; No clear Contact page found ; Push/notification prompting keywords detected ; Interstitial/overlay/dark-pattern keywords detected ; Auto-refresh / ad refresh keywords detected
123freesolitaire.com,https://www.123freesolitaire.com/,123freesolitaire.com,64,Need more evidence,0.5,1,1.0,False,False,,,,Thin content on sampled pages (low median text length) ; No obvious Article/News structured data detected ; Affiliate/arbitrage markers detected ; No clear About page found ; No clear Contact page found ; No clear Privacy/Terms links found ; Push/notification prompting keywords detected
abbreviations.com,https://www.abbreviations.com/,abbreviations.com,64,Need more evidence,0.35,6,1.0,False,True,pub-6071864913982699,,UA-172613-1,No obvious Article/News structured data detected ; Affiliate/arbitrage markers detected ; No clear About page found ; No clear Contact page found ; No clear Privacy/Terms links found ; Push/notification prompting keywords detected ; Interstitial/overlay/dark-pattern keywords detected
adorocinema.com,https://www.adorocinema.com/,adorocinema.com,64,Need more evidence,0.35,6,1.0,False,True,,GTM-PGGVRQ,UA-4912475-1,No obvious Article/News structured data detected ; Affiliate/arbitrage markers detected ; No clear Privacy/Terms links found ; Push/notification prompting keywords detected ; Interstitial/overlay/dark-pattern keywords detected ; Auto-refresh / ad refresh keywords detected
180sx.club,https://www.180sx.club/,180sx.club,65,Need more evidence,0.6,1,1.0,True,False,,,,Thin content on sampled pages (low median text length) ; No obvious Article/News structured data detected ; Affiliate/arbitrage markers detected ; No clear About page found ; No clear Contact page found ; No clear Privacy/Terms links found ; Push/notification prompting keywords detected ; Interstitial/overlay/dark-pattern keywords detected
20min.ch,https://www.20min.ch/,20min.ch,65,Need more evidence,0.35,6,1.0,False,True,,GTM-PKTSKJX,,No obvious Article/News structured data detected ; Affiliate/arbitrage markers detected ; No clear About page found ; No clear Contact page found ; No clear Privacy/Terms links found ; Interstitial/overlay/dark-pattern keywords detected
agoda.com,https://www.agoda.com/,agoda.com,65,Need more evidence,0.5,1,1.0,False,False,,GTM-5TXL8JK,,Thin content on sampled pages (low median text length) ; No obvious Article/News structured data detected ; Affiliate/arbitrage markers detected ; Push/notification prompting keywords detected ; Interstitial/overlay/dark-pattern keywords detected
101cookbooks.com,https://www.101cookbooks.com/,101cookbooks.com,66,Need more evidence,0.5,1,1.0,False,False,,,,Thin content on sampled pages (low median text length) ; No obvious Article/News structured data detected ; Affiliate/arbitrage markers detected ; No clear About page found ; No clear Contact page found ; No clear Privacy/Terms links found
07-ros-btf-laplacemedia-2.fr,https://07-ros-btf-laplacemedia-2.fr/,07-ros-btf-laplacemedia-2.fr,66,Need more evidence,0.5,2,1.0,False,False,,,,High template/boilerplate similarity across pages ; No obvious Article/News structured data detected ; Affiliate/arbitrage markers detected ; No clear About page found ; No clear Contact page found ; No clear Privacy/Terms links found
10play.com.au,https://10.com.au/,10.com.au,66,Need more evidence,0.5,1,1.0,False,False,,,,Thin content on sampled pages (low median text length) ; No obvious Article/News structured data detected ; Affiliate/arbitrage markers detected ; No clear About page found ; No clear Contact page found ; No clear Privacy/Terms links found
adverts.ie,https://adverts.ie/,adverts.ie,66,Need more evidence,0.5,1,1.0,False,False,,,,Thin content on sampled pages (low median text length) ; No obvious Article/News structured data detected ; Affiliate/arbitrage markers detected ; No clear About page found ; No clear Contact page found ; No clear Privacy/Terms links found
9to5mac.com,https://9to5mac.com/,9to5mac.com,66,Need more evidence,0.4,1,0.25,True,False,pub-5506057612223327,GTM-K5T6XC3|GTM-M48W9J,,No obvious Article/News structured data detected ; Affiliate/arbitrage markers detected ; No clear About page found ; No clear Contact page found ; No clear Privacy/Terms links found ; Push/notification prompting keywords detected ; Auto-refresh / ad refresh keywords detected
adme.ru,https://adme.media/,adme.media,66,Need more evidence,0.45,9,1.0,True,True,,GTM-WX9J38R,G-6ELG42YF2K|G-D3PXSNQHKC|G-HRBCXPM48L|UA-60862321-1|UA-8468482-2|UA-8468482-3|UA-8468482-4,No obvious Article/News structured data detected ; Affiliate/arbitrage markers detected ; No clear About page found ; No clear Contact page found ; No clear Privacy/Terms links found ; Push/notification prompting keywords detected ; Interstitial/overlay/dark-pattern keywords detected ; Auto-refresh / ad refresh keywords detected
adsoftheworld.com,https://www.adsoftheworld.com/,adsoftheworld.com,66,Need more evidence,0.55,3,0.5,False,False,,GTM-KD67KTF,,Thin content on sampled pages (low median text length) ; No obvious Article/News structured data detected ; Affiliate/arbitrage markers detected ; No clear Privacy/Terms links found ; Push/notification prompting keywords detected ; Interstitial/overlay/dark-pattern keywords detected
148apps.com,https://www.148apps.com/,148apps.com,67,Need more evidence,0.75,6,1.0,False,False,,,UA-139713-6,Thin content on sampled pages (low median text length) ; No obvious Article/News structured data detected ; High outbound/external link ratio ; Affiliate/arbitrage markers detected ; No clear About page found ; No clear Contact page found ; No clear Privacy/Terms links found ; Push/notification prompting keywords detected
112barneveld.nl,https://112barneveld.nl/,112barneveld.nl,67,Need more evidence,0.45,9,1.0,True,True,pub-3005154539437513,GTM-NQF5V8D,,No obvious Article/News structured data detected ; Affiliate/arbitrage markers detected ; No clear About page found ; No clear Privacy/Terms links found ; Push/notification prompting keywords detected ; Interstitial/overlay/dark-pattern keywords detected ; Auto-refresh / ad refresh keywords detected
1000ps.at,https://www.1000ps.at/,1000ps.at,67,Need more evidence,0.85,9,1.0,True,False,,,,Thin content on sampled pages (low median text length) ; High template/boilerplate similarity across pages ; No obvious Article/News structured data detected ; Affiliate/arbitrage markers detected ; No clear About page found ; No clear Contact page found ; No clear Privacy/Terms links found ; Push/notification prompting keywords detected
100feminin.fr,https://100feminin.fr/,100feminin.fr,67,Need more evidence,0.45,9,1.0,True,True,pub-1512581438884715,,G-YFMZJXLFZ7,No obvious Article/News structured data detected ; Affiliate/arbitrage markers detected ; No clear About page found ; No clear Privacy/Terms links found ; Push/notification prompting keywords detected ; Interstitial/overlay/dark-pattern keywords detected ; Auto-refresh / ad refresh keywords detected
1340thehawk.com,https://1340thehawk.com/,1340thehawk.com,67,Need more evidence,0.45,8,0.889,True,True,,GTM-K346HJZ|GTM-NV8XQ98,G-5E4Z41NZBF|G-5V7ESFDJW5|UA-102443614-7|UA-102443614-8|UA-115003007-2|UA-115003007-3|UA-115003007-4|UA-115003007-7|UA-115003007-8|UA-180756957-13|UA-19109753-1|UA-19109753-74|UA-53779251-1|UA-53779251-3|UA-53779251-5,No obvious Article/News structured data detected ; Affiliate/arbitrage markers detected ; No clear About page found ; No clear Contact page found ; Push/notification prompting keywords detected ; Interstitial/overlay/dark-pattern keywords detected ; Auto-refresh / ad refresh keywords detected
1035kysm.com,https://1035kysm.com/,1035kysm.com,68,Need more evidence,0.5,1,1.0,False,False,,,,Thin content on sampled pages (low median text length) ; No obvious Article/News structured data detected ; No clear About page found ; No clear Contact page found ; No clear Privacy/Terms links found ; Auto-refresh / ad refresh keywords detected
1065jackfm.com,https://1065jackfm.com/,1065jackfm.com,68,Need more evidence,0.5,1,1.0,False,False,,,,Thin content on sampled pages (low median text length) ; No obvious Article/News structured data detected ; No clear About page found ; No clear Contact page found ; No clear Privacy/Terms links found ; Auto-refresh / ad refresh keywords detected
0404.co.il,https://0404.co.il/,0404.co.il,68,Need more evidence,0.5,1,1.0,False,False,,,,Thin content on sampled pages (low median text length) ; No obvious Article/News structured data detected ; No clear About page found ; No clear Contact page found ; No clear Privacy/Terms links found ; Auto-refresh / ad refresh keywords detected
1009theeagle.com,https://1009theeagle.com/,1009theeagle.com,68,Need more evidence,0.5,1,1.0,False,False,,,,Thin content on sampled pages (low median text length) ; No obvious Article/News structured data detected ; No clear About page found ; No clear Contact page found ; No clear Privacy/Terms links found ; Auto-refresh / ad refresh keywords detected
1073modfm.com,https://1073modfm.com/,1073modfm.com,68,Need more evidence,0.5,1,1.0,False,False,,,,Thin content on sampled pages (low median text length) ; No obvious Article/News structured data detected ; No clear About page found ; No clear Contact page found ; No clear Privacy/Terms links found ; Auto-refresh / ad refresh keywords detected
1013online.com,https://1013online.com/,1013online.com,68,Need more evidence,0.5,1,1.0,False,False,,,,Thin content on sampled pages (low median text length) ; No obvious Article/News structured data detected ; No clear About page found ; No clear Contact page found ; No clear Privacy/Terms links found ; Auto-refresh / ad refresh keywords detected
1023therose.com,https://1023therose.com/,1023therose.com,68,Need more evidence,0.5,1,1.0,False,False,,,,Thin content on sampled pages (low median text length) ; No obvious Article/News structured data detected ; No clear About page found ; No clear Contact page found ; No clear Privacy/Terms links found ; Auto-refresh / ad refresh keywords detected
0221.com.ar,https://www.0221.com.ar/,0221.com.ar,68,Need more evidence,0.5,1,1.0,False,False,,,,Thin content on sampled pages (low median text length) ; No obvious Article/News structured data detected ; No clear About page found ; No clear Contact page found ; No clear Privacy/Terms links found ; Auto-refresh / ad refresh keywords detected
11v11.com,https://11v11.com/,11v11.com,68,Need more evidence,0.5,1,1.0,False,False,,,,Thin content on sampled pages (low median text length) ; No obvious Article/News structured data detected ; No clear About page found ; No clear Contact page found ; No clear Privacy/Terms links found ; Auto-refresh / ad refresh keywords detected
101cookingfortwo.com,https://www.101cookingfortwo.com/,101cookingfortwo.com,68,Need more evidence,0.5,1,1.0,False,False,,,,Thin content on sampled pages (low median text length) ; No obvious Article/News structured data detected ; No clear About page found ; No clear Contact page found ; No clear Privacy/Terms links found ; Auto-refresh / ad refresh keywords detected
123dok.com,https://123dok.com/,123dok.com,68,Need more evidence,0.5,1,1.0,False,False,,,,Thin content on sampled pages (low median text length) ; No obvious Article/News structured data detected ; No clear About page found ; No clear Contact page found ; No clear Privacy/Terms links found ; Auto-refresh / ad refresh keywords detected
136home.com,https://www.136home.com/,136home.com,68,Need more evidence,0.5,1,1.0,False,False,,,,Thin content on sampled pages (low median text length) ; No obvious Article/News structured data detected ; No clear About page found ; No clear Contact page found ; No clear Privacy/Terms links found ; Auto-refresh / ad refresh keywords detected
01net.com,https://01net.com/,01net.com,68,Need more evidence,0.5,1,1.0,False,False,,,,Thin content on sampled pages (low median text length) ; No obvious Article/News structured data detected ; No clear About page found ; No clear Contact page found ; No clear Privacy/Terms links found ; Auto-refresh / ad refresh keywords detected
500px.com,https://500px.com/,500px.com,68,Need more evidence,0.6,1,1.0,True,False,,GTM-P9G3RQC,,Thin content on sampled pages (low median text length) ; No obvious Article/News structured data detected ; Affiliate/arbitrage markers detected ; No clear About page found ; No clear Contact page found ; No clear Privacy/Terms links found ; Push/notification prompting keywords detected
99.co,https://www.99.co/,99.co,68,Need more evidence,0.5,1,1.0,False,False,,,,Thin content on sampled pages (low median text length) ; No obvious Article/News structured data detected ; No clear About page found ; No clear Contact page found ; No clear Privacy/Terms links found ; Auto-refresh / ad refresh keywords detected
abeautifulmess.com,https://abeautifulmess.com/,abeautifulmess.com,68,Need more evidence,0.5,1,1.0,False,False,,,,Thin content on sampled pages (low median text length) ; No obvious Article/News structured data detected ; No clear About page found ; No clear Contact page found ; No clear Privacy/Terms links found ; Auto-refresh / ad refresh keywords detected
acronymfinder.com,https://acronymfinder.com/,acronymfinder.com,68,Need more evidence,0.5,1,1.0,False,False,,,,Thin content on sampled pages (low median text length) ; No obvious Article/News structured data detected ; No clear About page found ; No clear Contact page found ; No clear Privacy/Terms links found ; Auto-refresh / ad refresh keywords detected
acouplecooks.com,https://www.acouplecooks.com/,acouplecooks.com,68,Need more evidence,0.5,1,1.0,False,False,,,,Thin content on sampled pages (low median text length) ; No obvious Article/News structured data detected ; No clear About page found ; No clear Contact page found ; No clear Privacy/Terms links found ; Auto-refresh / ad refresh keywords detected
afar.com,https://afar.com/,afar.com,68,Need more evidence,0.5,1,1.0,False,False,,,,Thin content on sampled pages (low median text length) ; No obvious Article/News structured data detected ; No clear About page found ; No clear Contact page found ; No clear Privacy/Terms links found ; Auto-refresh / ad refresh keywords detected
advfn.com,https://www.advfn.com/,advfn.com,68,Need more evidence,0.5,1,1.0,False,False,,,,Thin content on sampled pages (low median text length) ; No obvious Article/News structured data detected ; No clear About page found ; No clear Contact page found ; No clear Privacy/Terms links found ; Auto-refresh / ad refresh keywords detected
ahram.org.eg,https://ahram.org.eg/,ahram.org.eg,68,Need more evidence,0.5,1,1.0,False,False,,,,Thin content on sampled pages (low median text length) ; No obvious Article/News structured data detected ; No clear About page found ; No clear Contact page found ; No clear Privacy/Terms links found ; Auto-refresh / ad refresh keywords detected
1051thebounce.com,https://1051thebounce.com/,1051thebounce.com,69,Need more evidence,0.5,1,1.0,False,False,,,,Thin content on sampled pages (low median text length) ; No obvious Article/News structured data detected ; No clear About page found ; No clear Contact page found ; No clear Privacy/Terms links found
1037theloon.com,https://1037theloon.com/,1037theloon.com,69,Need more evidence,0.5,1,1.0,False,False,,,,Thin content on sampled pages (low median text length) ; No obvious Article/News structured data detected ; No clear About page found ; No clear Contact page found ; No clear Privacy/Terms links found
105.net,https://www.105.net/,105.net,69,Need more evidence,0.6,1,1.0,True,False,,,,Thin content on sampled pages (low median text length) ; No obvious Article/News structured data detected ; Affiliate/arbitrage markers detected ; No clear About page found ; No clear Contact page found ; No clear Privacy/Terms links found
10news.com,https://10news.com/,10news.com,69,Need more evidence,0.5,1,1.0,False,False,,,,Thin content on sampled pages (low median text length) ; No obvious Article/News structured data detected ; No clear About page found ; No clear Contact page found ; No clear Privacy/Terms links found
1015thehawk.com,https://1015thehawk.com/,1015thehawk.com,69,Need more evidence,0.5,1,1.0,False,False,,,,Thin content on sampled pages (low median text length) ; No obvious Article/News structured data detected ; No clear About page found ; No clear Contact page found ; No clear Privacy/Terms links found
1039wvbo.com,https://1039wvbo.com/,1039wvbo.com,69,Need more evidence,0.5,1,1.0,False,False,,,,Thin content on sampled pages (low median text length) ; No obvious Article/News structured data detected ; No clear About page found ; No clear Contact page found ; No clear Privacy/Terms links found
1057thexrocks.com,https://1057thexrocks.com/,1057thexrocks.com,69,Need more evidence,0.5,1,1.0,False,False,,,,Thin content on sampled pages (low median text length) ; No obvious Article/News structured data detected ; No clear About page found ; No clear Contact page found ; No clear Privacy/Terms links found
1630kcjj.com,http://www.1630kcjj.com/,1630kcjj.com,69,Need more evidence,0.5,1,1.0,False,False,,,,Thin content on sampled pages (low median text length) ; No obvious Article/News structured data detected ; No clear About page found ; No clear Contact page found ; No clear Privacy/Terms links found
104thehawk.com,https://104thehawk.com/,104thehawk.com,69,Need more evidence,0.5,1,1.0,False,False,,,,Thin content on sampled pages (low median text length) ; No obvious Article/News structured data detected ; No clear About page found ; No clear Contact page found ; No clear Privacy/Terms links found
1077thebone.com,https://1077thebone.com/,1077thebone.com,69,Need more evidence,0.5,1,1.0,False,False,,,,Thin content on sampled pages (low median text length) ; No obvious Article/News structured data detected ; No clear About page found ; No clear Contact page found ; No clear Privacy/Terms links found
1027wbow.com,https://1027wbow.com/,1027wbow.com,69,Need more evidence,0.5,1,1.0,False,False,,,,Thin content on sampled pages (low median text length) ; No obvious Article/News structured data detected ; No clear About page found ; No clear Contact page found ; No clear Privacy/Terms links found
1057thex.com,https://1057thex.com/,1057thex.com,69,Need more evidence,0.5,1,1.0,False,False,,,,Thin content on sampled pages (low median text length) ; No obvious Article/News structured data detected ; No clear About page found ; No clear Contact page found ; No clear Privacy/Terms links found
104star.com,http://www.104star.com/,104star.com,69,Need more evidence,0.5,1,1.0,False,False,,,,Thin content on sampled pages (low median text length) ; No obvious Article/News structured data detected ; No clear About page found ; No clear Contact page found ; No clear Privacy/Terms links found
1045wjjk.com,https://1045wjjk.com/,1045wjjk.com,69,Need more evidence,0.5,1,1.0,False,False,,,,Thin content on sampled pages (low median text length) ; No obvious Article/News structured data detected ; No clear About page found ; No clear Contact page found ; No clear Privacy/Terms links found
101thefox.net,https://101thefox.net/,101thefox.net,69,Need more evidence,0.5,1,1.0,False,False,,,,Thin content on sampled pages (low median text length) ; No obvious Article/News structured data detected ; No clear About page found ; No clear Contact page found ; No clear Privacy/Terms links found
1490wosh.com,https://1490wosh.com/,1490wosh.com,69,Need more evidence,0.5,1,1.0,False,False,,,,Thin content on sampled pages (low median text length) ; No obvious Article/News structured data detected ; No clear About page found ; No clear Contact page found ; No clear Privacy/Terms links found
1075thegame.com,https://1075thegame.com/,1075thegame.com,69,Need more evidence,0.5,1,1.0,False,False,,,,Thin content on sampled pages (low median text length) ; No obvious Article/News structured data detected ; No clear About page found ; No clear Contact page found ; No clear Privacy/Terms links found
1049thewolf.com,https://1049thewolf.com/,1049thewolf.com,69,Need more evidence,0.5,1,1.0,False,False,,,,Thin content on sampled pages (low median text length) ; No obvious Article/News structured data detected ; No clear About page found ; No clear Contact page found ; No clear Privacy/Terms links found
1380kcim.com,https://1380kcim.com/,1380kcim.com,69,Need more evidence,0.5,1,1.0,False,False,,,,Thin content on sampled pages (low median text length) ; No obvious Article/News structured data detected ; No clear About page found ; No clear Contact page found ; No clear Privacy/Terms links found
1035bobfm.com,http://www.1035bobfm.com/,1035bobfm.com,69,Need more evidence,0.5,1,1.0,False,False,,,,Thin content on sampled pages (low median text length) ; No obvious Article/News structured data detected ; No clear About page found ; No clear Contact page found ; No clear Privacy/Terms links found
101x.com,http://www.101x.com/,101x.com,69,Need more evidence,0.5,1,1.0,False,False,,,,Thin content on sampled pages (low median text length) ; No obvious Article/News structured data detected ; No clear About page found ; No clear Contact page found ; No clear Privacy/Terms links found
1033country.com,http://1033country.com/,1033country.com,69,Need more evidence,0.5,1,1.0,False,False,,,,Thin content on sampled pages (low median text length) ; No obvious Article/News structured data detected ; No clear About page found ; No clear Contact page found ; No clear Privacy/Terms links found
abc15.com,https://abc15.com/,abc15.com,69,Need more evidence,0.5,1,1.0,False,False,,,,Thin content on sampled pages (low median text length) ; No obvious Article/News structured data detected ; No clear About page found ; No clear Contact page found ; No clear Privacy/Terms links found
aarp.org,https://aarp.org/,aarp.org,69,Need more evidence,0.5,1,1.0,False,False,,,,Thin content on sampled pages (low median text length) ; No obvious Article/News structured data detected ; No clear About page found ; No clear Contact page found ; No clear Privacy/Terms links found
abcactionnews.com,https://abcactionnews.com/,abcactionnews.com,69,Need more evidence,0.5,1,1.0,False,False,,,,Thin content on sampled pages (low median text length) ; No obvious Article/News structured data detected ; No clear About page found ; No clear Contact page found ; No clear Privacy/Terms links found
20minutes.fr,http://20minutes.fr/,20minutes.fr,69,Need more evidence,0.5,1,1.0,False,False,,,,Thin content on sampled pages (low median text length) ; No obvious Article/News structured data detected ; No clear About page found ; No clear Contact page found ; No clear Privacy/Terms links found
ac-illust.com,https://ac-illust.com/,ac-illust.com,69,Need more evidence,0.5,1,1.0,False,False,,,,Thin content on sampled pages (low median text length) ; No obvious Article/News structured data detected ; No clear About page found ; No clear Contact page found ; No clear Privacy/Terms links found
abendblatt.de,https://www.abendblatt.de/,abendblatt.de,69,Need more evidence,0.5,1,1.0,False,False,,,,Thin content on sampled pages (low median text length) ; No obvious Article/News structured data detected ; No clear About page found ; No clear Contact page found ; No clear Privacy/Terms links found
5newsonline.com,https://www.5newsonline.com/,5newsonline.com,69,Need more evidence,0.45,9,1.0,True,True,,GTM-MZM3ZB6X|gtm-id,,No obvious Article/News structured data detected ; Affiliate/arbitrage markers detected ; Push/notification prompting keywords detected ; Interstitial/overlay/dark-pattern keywords detected ; Auto-refresh / ad refresh keywords detected
accuweather.com,https://accuweather.com/,accuweather.com,69,Need more evidence,0.5,1,1.0,False,False,,,,Thin content on sampled pages (low median text length) ; No obvious Article/News structured data detected ; No clear About page found ; No clear Contact page found ; No clear Privacy/Terms links found
abs-cbn.com,https://abs-cbn.com/,abs-cbn.com,69,Need more evidence,0.5,1,1.0,False,False,,,,Thin content on sampled pages (low median text length) ; No obvious Article/News structured data detected ; No clear About page found ; No clear Contact page found ; No clear Privacy/Terms links found
1700thechamp.com,https://www.cumulusmedia.com/,cumulusmedia.com,69,Need more evidence,0.6,1,1.0,True,False,,,,Thin content on sampled pages (low median text length) ; No obvious Article/News structured data detected ; Affiliate/arbitrage markers detected ; No clear About page found ; No clear Contact page found ; No clear Privacy/Terms links found
adultswim.com,https://adultswim.com/,adultswim.com,69,Need more evidence,0.5,1,1.0,False,False,,,,Thin content on sampled pages (low median text length) ; No obvious Article/News structured data detected ; No clear About page found ; No clear Contact page found ; No clear Privacy/Terms links found
abc10.com,https://www.abc10.com/,abc10.com,69,Need more evidence,0.45,9,1.0,True,True,,GTM-PR3CXHTT|gtm-id,,No obvious Article/News structured data detected ; Affiliate/arbitrage markers detected ; Push/notification prompting keywords detected ; Interstitial/overlay/dark-pattern keywords detected ; Auto-refresh / ad refresh keywords detected
10beasts.com,https://10beasts.com/,10beasts.com,70,Good domain,0.75,4,1.0,True,False,,,,Thin content on sampled pages (low median text length) ; No obvious Article/News structured data detected ; Affiliate/arbitrage markers detected ; No clear About page found ; No clear Contact page found ; No clear Privacy/Terms links found ; Push/notification prompting keywords detected ; Interstitial/overlay/dark-pattern keywords detected
10fastfingers.com,https://10fastfingers.com/,10fastfingers.com,70,Good domain,0.75,6,1.0,False,False,pub-6471216354306989,,G-TVXDNQX0VM|UA-179742-52,High template/boilerplate similarity across pages ; No obvious Article/News structured data detected ; Affiliate/arbitrage markers detected ; No clear About page found ; No clear Contact page found ; No clear Privacy/Terms links found ; Push/notification prompting keywords detected ; Interstitial/overlay/dark-pattern keywords detected
20minutos.es,https://www.20minutos.es/,20minutos.es,70,Need more evidence,0.5,1,1.0,False,False,,GTM-T7GD96G,,No obvious Article/News structured data detected ; Affiliate/arbitrage markers detected ; No clear About page found ; No clear Contact page found ; No clear Privacy/Terms links found ; Push/notification prompting keywords detected
15min.lt,https://www.15min.lt/,15min.lt,70,Good domain,0.75,6,1.0,False,False,,GTM-PRK8JB,G-VQSG19L01Y,High template/boilerplate similarity across pages ; No obvious Article/News structured data detected ; Affiliate/arbitrage markers detected ; No clear About page found ; No clear Contact page found ; No clear Privacy/Terms links found ; Push/notification prompting keywords detected ; Interstitial/overlay/dark-pattern keywords detected
1001fonts.com,https://www.1001fonts.com/,1001fonts.com,70,Good domain,0.75,6,1.0,False,False,,,G-GDNCLQCQJ1,High template/boilerplate similarity across pages ; No obvious Article/News structured data detected ; Affiliate/arbitrage markers detected ; No clear About page found ; No clear Contact page found ; No clear Privacy/Terms links found ; Push/notification prompting keywords detected ; Interstitial/overlay/dark-pattern keywords detected
abril.com.br,https://assine.abril.com.br/?redirect=abrilcom,abril.com.br,70,Need more evidence,0.5,1,1.0,False,False,,GTM-54VSH8Q,G-0HTYQ9ZBSJ|G-G1XWXZTWTS,No obvious Article/News structured data detected ; Affiliate/arbitrage markers detected ; No clear About page found ; No clear Contact page found ; No clear Privacy/Terms links found ; Push/notification prompting keywords detected
2dehands.be,https://www.2dehands.be/,2dehands.be,70,Good domain,0.75,6,1.0,False,False,,GTM-NST8JGD|GTM-PWP7LQC,G-3N9XQHP1CS,Thin content on sampled pages (low median text length) ; No obvious Article/News structured data detected ; Affiliate/arbitrage markers detected ; No clear About page found ; No clear Contact page found ; No clear Privacy/Terms links found ; Push/notification prompting keywords detected ; Interstitial/overlay/dark-pattern keywords detected
abc4.com,https://abc4.com/,abc4.com,70,Need more evidence,0.45,5,1.0,True,True,,,,No obvious Article/News structured data detected ; Affiliate/arbitrage markers detected ; No clear About page found ; No clear Contact page found ; No clear Privacy/Terms links found
adrenaline.com.br,https://adrenaline.com.br/,adrenaline.com.br,70,Good domain,0.75,4,1.0,True,False,,,,Thin content on sampled pages (low median text length) ; High template/boilerplate similarity across pages ; No obvious Article/News structured data detected ; No clear About page found ; No clear Contact page found ; No clear Privacy/Terms links found ; Auto-refresh / ad refresh keywords detected
24sata.hr,https://www.24sata.hr/,24sata.hr,71,Good domain,0.75,6,1.0,False,False,,GTM-PCRFFK6,G-D4ZLRMNKKW|G-PEZHNXVV55|UA-98786130-1,High template/boilerplate similarity across pages ; No obvious Article/News structured data detected ; Affiliate/arbitrage markers detected ; No clear About page found ; No clear Contact page found ; No clear Privacy/Terms links found ; Push/notification prompting keywords detected ; Interstitial/overlay/dark-pattern keywords detected
ahaber.com.tr,https://www.ahaber.com.tr/,ahaber.com.tr,71,Good domain,0.75,6,1.0,False,False,,GTM-W2XH9NSP,,Thin content on sampled pages (low median text length) ; No obvious Article/News structured data detected ; Affiliate/arbitrage markers detected ; No clear About page found ; No clear Contact page found ; No clear Privacy/Terms links found ; Push/notification prompting keywords detected ; Interstitial/overlay/dark-pattern keywords detected
akc.org,https://www.akc.org/,akc.org,71,Good domain,0.75,7,0.778,True,False,,GTM-5R3SRB2|GTM-MMZJNHN,,Thin content on sampled pages (low median text length) ; No obvious Article/News structured data detected ; Affiliate/arbitrage markers detected ; No clear About page found ; No clear Privacy/Terms links found ; Push/notification prompting keywords detected ; Interstitial/overlay/dark-pattern keywords detected ; Auto-refresh / ad refresh keywords detected
123teachme.com,https://123teachme.com/,123teachme.com,72,Good domain,0.75,6,1.0,False,False,pub-9206591615731214,,G-EQT0Z55NZ4|UA-273175-2,High template/boilerplate similarity across pages ; No obvious Article/News structured data detected ; Affiliate/arbitrage markers detected ; No clear About page found ; No clear Contact page found ; No clear Privacy/Terms links found ; Push/notification prompting keywords detected
177milkstreet.com,https://www.177milkstreet.com/,177milkstreet.com,72,Good domain,0.75,6,1.0,False,False,,GTM-PZKNNG2H|gtm-consent,,Thin content on sampled pages (low median text length) ; No obvious Article/News structured data detected ; Affiliate/arbitrage markers detected ; No clear About page found ; No clear Contact page found ; No clear Privacy/Terms links found ; Push/notification prompting keywords detected
247wallst.com,https://247wallst.com/,247wallst.com,72,Good domain,0.75,6,1.0,False,False,,,G-0CCJNW2GVQ,Thin content on sampled pages (low median text length) ; No obvious Article/News structured data detected ; Affiliate/arbitrage markers detected ; No clear Privacy/Terms links found ; Push/notification prompting keywords detected ; Interstitial/overlay/dark-pattern keywords detected ; Auto-refresh / ad refresh keywords detected
a-z-animals.com,https://a-z-animals.com/,a-z-animals.com,72,Good domain,0.75,6,1.0,False,False,,,G-93PF9CY6Y1|G-E2PL1PBDNJ,Thin content on sampled pages (low median text length) ; No obvious Article/News structured data detected ; Affiliate/arbitrage markers detected ; Push/notification prompting keywords detected ; Interstitial/overlay/dark-pattern keywords detected ; Auto-refresh / ad refresh keywords detected
adn.com,https://www.adn.com/,adn.com,72,Good domain,0.75,6,1.0,False,False,,GTM-PTR4SRB,G-3KTXNCRK84,High template/boilerplate similarity across pages ; No obvious Article/News structured data detected ; Affiliate/arbitrage markers detected ; No clear About page found ; Push/notification prompting keywords detected ; Interstitial/overlay/dark-pattern keywords detected
actu.fr,https://actu.fr/,actu.fr,72,Good domain,0.75,6,1.0,False,False,,GTM-KVRQ3TD|gtm-datalayer,,Thin content on sampled pages (low median text length) ; No obvious Article/News structured data detected ; Affiliate/arbitrage markers detected ; No clear About page found ; No clear Privacy/Terms links found ; Push/notification prompting keywords detected ; Interstitial/overlay/dark-pattern keywords detected
10001games.fr,https://www.10001games.fr/,10001games.fr,73,Good domain,0.85,9,1.0,True,False,,,G-1YT935HQCR,Thin content on sampled pages (low median text length) ; No obvious Article/News structured data detected ; Affiliate/arbitrage markers detected ; No clear About page found ; No clear Contact page found ; No clear Privacy/Terms links found ; Push/notification prompting keywords detected ; Interstitial/overlay/dark-pattern keywords detected
1001freefonts.com,https://www.1001freefonts.com/,1001freefonts.com,73,Good domain,0.75,6,1.0,False,False,pub-1256708364979587,,G-YW859PMFK6,Thin content on sampled pages (low median text length) ; No obvious Article/News structured data detected ; Affiliate/arbitrage markers detected ; No clear About page found ; No clear Privacy/Terms links found ; Push/notification prompting keywords detected
1688.com.au,https://www.1688.com.au/,1688.com.au,73,Good domain,0.75,6,0.667,True,False,,GTM-WPQBWNV,G-3VYJGNE3E1,High template/boilerplate similarity across pages ; No obvious Article/News structured data detected ; Affiliate/arbitrage markers detected ; No clear About page found ; No clear Privacy/Terms links found ; Push/notification prompting keywords detected
101dogbreeds.com,https://www.101dogbreeds.com/,101dogbreeds.com,74,Good domain,0.85,9,1.0,True,False,,,UA-56657574-1,Thin content on sampled pages (low median text length) ; No obvious Article/News structured data detected ; Affiliate/arbitrage markers detected ; No clear Contact page found ; No clear Privacy/Terms links found ; Push/notification prompting keywords detected ; Interstitial/overlay/dark-pattern keywords detected ; Auto-refresh / ad refresh keywords detected
181fm.com,https://www.181fm.com/,181fm.com,74,Good domain,0.75,4,1.0,True,False,,,G-D21D38P29E,No obvious Article/News structured data detected ; Elevated outbound/external link ratio ; Affiliate/arbitrage markers detected ; No clear About page found ; No clear Contact page found ; No clear Privacy/Terms links found ; Push/notification prompting keywords detected ; Interstitial/overlay/dark-pattern keywords detected
24chasa.bg,https://www.24chasa.bg/,24chasa.bg,74,Good domain,0.85,9,1.0,True,False,,,G-QWNHESR447,Thin content on sampled pages (low median text length) ; No obvious Article/News structured data detected ; Affiliate/arbitrage markers detected ; No clear About page found ; No clear Contact page found ; No clear Privacy/Terms links found ; Push/notification prompting keywords detected ; Interstitial/overlay/dark-pattern keywords detected
1908.nl,https://1908.nl/,1908.nl,74,Good domain,0.85,9,1.0,True,False,,GTM-W3PFG7V,G-RK8GK358GL,Thin content on sampled pages (low median text length) ; No obvious Article/News structured data detected ; Affiliate/arbitrage markers detected ; No clear About page found ; No clear Contact page found ; No clear Privacy/Terms links found ; Push/notification prompting keywords detected ; Interstitial/overlay/dark-pattern keywords detected
active.com,https://www.active.com/,active.com,74,Good domain,0.75,6,1.0,False,False,,,,High template/boilerplate similarity across pages ; No obvious Article/News structured data detected ; Affiliate/arbitrage markers detected ; No clear Contact page found ; Interstitial/overlay/dark-pattern keywords detected
abc7chicago.com,https://abc7chicago.com/,abc7chicago.com,74,Good domain,0.85,9,1.0,True,False,pub-9811502795429889,,,Thin content on sampled pages (low median text length) ; No obvious Article/News structured data detected ; Affiliate/arbitrage markers detected ; No clear Contact page found ; No clear Privacy/Terms links found ; Push/notification prompting keywords detected ; Interstitial/overlay/dark-pattern keywords detected ; Auto-refresh / ad refresh keywords detected
abc6onyourside.com,https://abc6onyourside.com/,abc6onyourside.com,74,Good domain,0.85,9,1.0,True,False,,GTM-MQJS9PH|GTM-N66V4C6|GTM-NHQBWCT|GTM-NV6HTT,G-B1E28JEDCR|UA-3818718-7,Thin content on sampled pages (low median text length) ; No obvious Article/News structured data detected ; Affiliate/arbitrage markers detected ; No clear About page found ; No clear Privacy/Terms links found ; Push/notification prompting keywords detected ; Interstitial/overlay/dark-pattern keywords detected ; Auto-refresh / ad refresh keywords detected
10mosttoday.com,https://10mosttoday.com/,10mosttoday.com,75,Good domain,0.75,4,1.0,True,False,,,,Thin content on sampled pages (low median text length) ; Affiliate/arbitrage markers detected ; No clear About page found ; No clear Contact page found ; No clear Privacy/Terms links found ; Interstitial/overlay/dark-pattern keywords detected
17track.net,https://www.17track.net/en,17track.net,75,Good domain,0.85,9,1.0,True,False,,,,High template/boilerplate similarity across pages ; No obvious Article/News structured data detected ; Affiliate/arbitrage markers detected ; No clear Privacy/Terms links found ; Push/notification prompting keywords detected ; Interstitial/overlay/dark-pattern keywords detected ; Auto-refresh / ad refresh keywords detected
abc7ny.com,https://abc7ny.com/,abc7ny.com,75,Good domain,0.85,9,1.0,True,False,pub-9811502795429889,,,Thin content on sampled pages (low median text length) ; No obvious Article/News structured data detected ; Affiliate/arbitrage markers detected ; No clear Privacy/Terms links found ; Push/notification prompting keywords detected ; Interstitial/overlay/dark-pattern keywords detected ; Auto-refresh / ad refresh keywords detected
agame.com,https://www.agame.com,agame.com,75,Good domain,0.85,8,1.0,True,False,,GTM-NNTPC7,,High template/boilerplate similarity across pages ; No obvious Article/News structured data detected ; Affiliate/arbitrage markers detected ; No clear About page found ; No clear Contact page found ; Push/notification prompting keywords detected ; Interstitial/overlay/dark-pattern keywords detected
1001patterns.com,https://1001patterns.com/,1001patterns.com,76,Good domain,0.75,4,1.0,True,False,pub-3483922105015817,GTM-5JM5JBX,,No obvious Article/News structured data detected ; Affiliate/arbitrage markers detected ; No clear About page found ; No clear Contact page found ; No clear Privacy/Terms links found ; Push/notification prompting keywords detected ; Interstitial/overlay/dark-pattern keywords detected ; Auto-refresh / ad refresh keywords detected
11zon.com,https://11zon.com/,11zon.com,76,Good domain,0.85,9,1.0,True,False,pub-3063139446072328,,G-H7P2Z4X3RY,High template/boilerplate similarity across pages ; No obvious Article/News structured data detected ; Affiliate/arbitrage markers detected ; Push/notification prompting keywords detected ; Interstitial/overlay/dark-pattern keywords detected ; Auto-refresh / ad refresh keywords detected
10fragrances.com,https://10fragrances.com/,10fragrances.com,76,Good domain,0.75,4,1.0,True,False,,,G-658NH8VGB5,No obvious Article/News structured data detected ; Affiliate/arbitrage markers detected ; No clear About page found ; No clear Contact page found ; No clear Privacy/Terms links found ; Push/notification prompting keywords detected ; Interstitial/overlay/dark-pattern keywords detected ; Auto-refresh / ad refresh keywords detected
123calendars.com,https://www.123calendars.com/,123calendars.com,76,Good domain,0.85,9,1.0,True,False,pub-5171930229719860,,G-GG3FKNXQ4X,High template/boilerplate similarity across pages ; No obvious Article/News structured data detected ; Affiliate/arbitrage markers detected ; No clear Privacy/Terms links found ; Push/notification prompting keywords detected ; Interstitial/overlay/dark-pattern keywords detected
101planners.com,https://www.101planners.com/,101planners.com,76,Good domain,0.75,4,1.0,True,False,pub-7700217168175674,GTM-MCQ6SWFR,UA-72457835-1,No obvious Article/News structured data detected ; Affiliate/arbitrage markers detected ; No clear About page found ; No clear Contact page found ; No clear Privacy/Terms links found ; Push/notification prompting keywords detected ; Interstitial/overlay/dark-pattern keywords detected ; Auto-refresh / ad refresh keywords detected
104homestead.com,https://104homestead.com/,104homestead.com,76,Good domain,0.85,9,1.0,True,False,,,G-KXTKY1SNDN,Thin content on sampled pages (low median text length) ; No obvious Article/News structured data detected ; Affiliate/arbitrage markers detected ; Push/notification prompting keywords detected ; Interstitial/overlay/dark-pattern keywords detected ; Auto-refresh / ad refresh keywords detected
101greatgoals.com,https://www.101greatgoals.com/,101greatgoals.com,76,Good domain,0.85,9,1.0,True,False,,GTM-NP52MQ4K,,High template/boilerplate similarity across pages ; No obvious Article/News structured data detected ; Affiliate/arbitrage markers detected ; Push/notification prompting keywords detected ; Interstitial/overlay/dark-pattern keywords detected ; Auto-refresh / ad refresh keywords detected
100directions.com,https://www.100directions.com/,100directions.com,76,Good domain,0.75,4,1.0,True,False,,,G-QT8D19BG82,No obvious Article/News structured data detected ; Affiliate/arbitrage markers detected ; No clear About page found ; No clear Contact page found ; No clear Privacy/Terms links found ; Push/notification prompting keywords detected ; Interstitial/overlay/dark-pattern keywords detected ; Auto-refresh / ad refresh keywords detected
abc.es,https://www.abc.es/,abc.es,76,Good domain,0.75,4,1.0,True,False,pub-0842936145805457,,,No obvious Article/News structured data detected ; Affiliate/arbitrage markers detected ; No clear About page found ; No clear Contact page found ; No clear Privacy/Terms links found ; Push/notification prompting keywords detected ; Interstitial/overlay/dark-pattern keywords detected ; Auto-refresh / ad refresh keywords detected
aajtak.in,https://www.aajtak.in/,aajtak.in,76,Good domain,0.75,6,1.0,False,False,,,G-NRMQ8VL0P1,No obvious Article/News structured data detected ; Affiliate/arbitrage markers detected ; No clear About page found ; No clear Contact page found ; No clear Privacy/Terms links found ; Push/notification prompting keywords detected ; Interstitial/overlay/dark-pattern keywords detected ; Auto-refresh / ad refresh keywords detected
abcnews.go.com,https://abcnews.com/,abcnews.com,76,Good domain,0.75,6,1.0,False,False,,,,No obvious Article/News structured data detected ; Affiliate/arbitrage markers detected ; No clear About page found ; No clear Contact page found ; No clear Privacy/Terms links found ; Push/notification prompting keywords detected ; Interstitial/overlay/dark-pattern keywords detected ; Auto-refresh / ad refresh keywords detected
adevarul.ro,https://adevarul.ro/,adevarul.ro,76,Good domain,0.75,6,1.0,False,False,pub-3345426167175409,,G-RM6F9P86YL,No obvious Article/News structured data detected ; Affiliate/arbitrage markers detected ; No clear About page found ; No clear Contact page found ; No clear Privacy/Terms links found ; Push/notification prompting keywords detected ; Interstitial/overlay/dark-pattern keywords detected ; Auto-refresh / ad refresh keywords detected
adslzone.net,https://www.adslzone.net/,adslzone.net,76,Good domain,0.85,9,1.0,True,False,,,G-7QQ9FQJ19N,High template/boilerplate similarity across pages ; No obvious Article/News structured data detected ; Affiliate/arbitrage markers detected ; No clear About page found ; No clear Privacy/Terms links found ; Interstitial/overlay/dark-pattern keywords detected
adnkronos.com,https://www.adnkronos.com/,adnkronos.com,76,Good domain,0.75,4,1.0,True,False,,GTM-KV6QFF4,,No obvious Article/News structured data detected ; Affiliate/arbitrage markers detected ; No clear About page found ; No clear Contact page found ; No clear Privacy/Terms links found ; Push/notification prompting keywords detected ; Interstitial/overlay/dark-pattern keywords detected ; Auto-refresh / ad refresh keywords detected
1053rnb.com,https://1053rnb.com/,1053rnb.com,77,Good domain,0.75,4,1.0,True,False,,GTM-TPR8JL,UA-28828872-2,No obvious Article/News structured data detected ; Affiliate/arbitrage markers detected ; No clear About page found ; No clear Contact page found ; No clear Privacy/Terms links found ; Push/notification prompting keywords detected ; Interstitial/overlay/dark-pattern keywords detected
11freunde.de,https://www.11freunde.de/,11freunde.de,77,Good domain,0.75,4,1.0,True,False,,,,No obvious Article/News structured data detected ; Affiliate/arbitrage markers detected ; No clear About page found ; No clear Contact page found ; No clear Privacy/Terms links found ; Push/notification prompting keywords detected ; Interstitial/overlay/dark-pattern keywords detected
10dakot.co.il,https://www.10dakot.co.il/,10dakot.co.il,77,Good domain,0.75,4,1.0,True,False,,GTM-N6L5757,,No obvious Article/News structured data detected ; Affiliate/arbitrage markers detected ; No clear About page found ; No clear Contact page found ; No clear Privacy/Terms links found ; Push/notification prompting keywords detected ; Interstitial/overlay/dark-pattern keywords detected
101knots.com,https://www.101knots.com/,101knots.com,77,Good domain,0.75,3,1.0,True,False,,,UA-74892991-1,No obvious Article/News structured data detected ; Affiliate/arbitrage markers detected ; No clear About page found ; No clear Privacy/Terms links found ; Push/notification prompting keywords detected ; Interstitial/overlay/dark-pattern keywords detected ; Auto-refresh / ad refresh keywords detected
750g.com,https://www.750g.com/,750g.com,77,Good domain,0.75,6,1.0,False,False,,GTM-N7TJZ6,,No obvious Article/News structured data detected ; Affiliate/arbitrage markers detected ; No clear About page found ; No clear Contact page found ; No clear Privacy/Terms links found ; Push/notification prompting keywords detected ; Interstitial/overlay/dark-pattern keywords detected
9to5google.com,https://9to5google.com/,9to5google.com,77,Good domain,0.75,4,1.0,True,False,pub-5506057612223327|pub-7114551592991368,GTM-THGGVXB|GTM-W5LZ9VX,,No obvious Article/News structured data detected ; Affiliate/arbitrage markers detected ; No clear Contact page found ; No clear Privacy/Terms links found ; Push/notification prompting keywords detected ; Interstitial/overlay/dark-pattern keywords detected ; Auto-refresh / ad refresh keywords detected
abola.pt,https://www.abola.pt/,abola.pt,77,Good domain,0.75,6,1.0,False,False,,GTM-P2MRMHLP,,No obvious Article/News structured data detected ; Affiliate/arbitrage markers detected ; No clear About page found ; No clear Contact page found ; No clear Privacy/Terms links found ; Push/notification prompting keywords detected ; Interstitial/overlay/dark-pattern keywords detected
143greetings.com,https://143greetings.com/,143greetings.com,78,Good domain,0.85,9,1.0,True,False,pub-4853048479573730,,G-JHV3LX9CPS|UA-111778041-1,Thin content on sampled pages (low median text length) ; No obvious Article/News structured data detected ; Affiliate/arbitrage markers detected ; No clear Privacy/Terms links found ; Push/notification prompting keywords detected
7news.com.au,https://7news.com.au/,7news.com.au,78,Good domain,0.75,4,1.0,True,False,,GTM-MTZCPPK|GTM-P6S2X2H,G-ZXNH7LYSJR|UA-85596017-26,No obvious Article/News structured data detected ; Affiliate/arbitrage markers detected ; No clear About page found ; No clear Contact page found ; No clear Privacy/Terms links found ; Push/notification prompting keywords detected ; Auto-refresh / ad refresh keywords detected
2ememain.be,https://www.2ememain.be/,2ememain.be,78,Good domain,0.75,6,1.0,False,False,,GTM-NST8JGD|GTM-PWP7LQC,,No obvious Article/News structured data detected ; Affiliate/arbitrage markers detected ; No clear About page found ; No clear Privacy/Terms links found ; Push/notification prompting keywords detected ; Interstitial/overlay/dark-pattern keywords detected
10tv.in,https://10tv.in/,10tv.in,78,Good domain,0.85,9,1.0,True,False,pub-6458743873099203,GTM-KVKBNQ5,G-90WWKEHB07,Thin content on sampled pages (low median text length) ; No obvious Article/News structured data detected ; Affiliate/arbitrage markers detected ; No clear Privacy/Terms links found ; Push/notification prompting keywords detected
9news.com.au,https://www.9news.com.au/,9news.com.au,78,Good domain,0.85,9,1.0,True,False,,GTM-WJZH974B,,Thin content on sampled pages (low median text length) ; No obvious Article/News structured data detected ; Affiliate/arbitrage markers detected ; Push/notification prompting keywords detected
africanews.com,https://www.africanews.com/,africanews.com,78,Good domain,0.75,6,1.0,False,False,,,UA-78630858-1|UA-89824133-1,No obvious Article/News structured data detected ; Affiliate/arbitrage markers detected ; No clear Privacy/Terms links found ; Push/notification prompting keywords detected ; Interstitial/overlay/dark-pattern keywords detected ; Auto-refresh / ad refresh keywords detected
1001spiele.de,https://www.1001spiele.de/,1001spiele.de,79,Good domain,0.75,4,1.0,True,False,,,,No obvious Article/News structured data detected ; Affiliate/arbitrage markers detected ; No clear About page found ; No clear Contact page found ; No clear Privacy/Terms links found ; Interstitial/overlay/dark-pattern keywords detected
1001games.co.uk,https://www.1001games.co.uk/,1001games.co.uk,79,Good domain,0.75,4,1.0,True,False,,,,No obvious Article/News structured data detected ; Affiliate/arbitrage markers detected ; No clear About page found ; No clear Contact page found ; No clear Privacy/Terms links found ; Push/notification prompting keywords detected
100milefreepress.net,https://100milefreepress.net/,100milefreepress.net,79,Good domain,0.75,4,1.0,True,False,,,,No obvious Article/News structured data detected ; Affiliate/arbitrage markers detected ; No clear About page found ; No clear Contact page found ; No clear Privacy/Terms links found ; Push/notification prompting keywords detected
10scopes.com,https://10scopes.com/,10scopes.com,79,Good domain,0.75,4,1.0,True,False,,,G-XM5FR9BFT3,Affiliate/arbitrage markers detected ; No clear About page found ; No clear Contact page found ; No clear Privacy/Terms links found ; Push/notification prompting keywords detected ; Interstitial/overlay/dark-pattern keywords detected ; Auto-refresh / ad refresh keywords detected
abcya.com,https://www.abcya.com/,abcya.com,79,Good domain,0.75,3,1.0,True,False,,GTM-5VZ5QT,,No obvious Article/News structured data detected ; Affiliate/arbitrage markers detected ; No clear About page found ; No clear Contact page found ; No clear Privacy/Terms links found ; Push/notification prompting keywords detected
abplive.com,https://www.abplive.com/,abplive.com,79,Good domain,0.75,6,1.0,False,False,,GTM-MNSDF7D|GTM-TWB9DV5|GTM-TXFMWG2,,Affiliate/arbitrage markers detected ; No clear About page found ; No clear Contact page found ; No clear Privacy/Terms links found ; Push/notification prompting keywords detected ; Interstitial/overlay/dark-pattern keywords detected ; Auto-refresh / ad refresh keywords detected
12up.com,https://www.12up.com/,12up.com,80,Good domain,0.75,4,1.0,True,False,,GTM-524LTF9|GTM-TCW5HW|gtm-monti,,Affiliate/arbitrage markers detected ; No clear About page found ; No clear Contact page found ; No clear Privacy/Terms links found ; Push/notification prompting keywords detected ; Interstitial/overlay/dark-pattern keywords detected
13abc.com,https://www.13abc.com/,13abc.com,80,Good domain,0.75,6,1.0,False,False,,GTM-M5QQ3JP,,No obvious Article/News structured data detected ; Affiliate/arbitrage markers detected ; Push/notification prompting keywords detected ; Interstitial/overlay/dark-pattern keywords detected
aastocks.com,http://www.aastocks.com,aastocks.com,80,Good domain,0.85,7,1.0,True,False,,,G-38RQTHE076|G-FL2WFCGS0Y|G-JGELR0JK0N|G-L1SGQX7HXL|G-Q696F058VH|UA-129079698-1|UA-129771399-1|UA-130882905-1|UA-131025525-1|UA-20790503-11|UA-20790503-3|UA-53681285-1,No obvious Article/News structured data detected ; Affiliate/arbitrage markers detected ; No clear About page found ; No clear Contact page found ; No clear Privacy/Terms links found ; Push/notification prompting keywords detected ; Interstitial/overlay/dark-pattern keywords detected ; Auto-refresh / ad refresh keywords detected
24ur.com,https://www.24ur.com/,24ur.com,80,Good domain,0.75,6,1.0,False,False,,,,Affiliate/arbitrage markers detected ; No clear About page found ; No clear Contact page found ; No clear Privacy/Terms links found ; Push/notification prompting keywords detected ; Interstitial/overlay/dark-pattern keywords detected
6abc.com,https://6abc.com/,6abc.com,80,Good domain,0.85,9,1.0,True,False,pub-9811502795429889,,,No obvious Article/News structured data detected ; Affiliate/arbitrage markers detected ; No clear About page found ; No clear Contact page found ; No clear Privacy/Terms links found ; Push/notification prompting keywords detected ; Interstitial/overlay/dark-pattern keywords detected ; Auto-refresh / ad refresh keywords detected
abc11.com,https://abc11.com/,abc11.com,80,Good domain,0.85,9,1.0,True,False,pub-9811502795429889,,,No obvious Article/News structured data detected ; Affiliate/arbitrage markers detected ; No clear About page found ; No clear Contact page found ; No clear Privacy/Terms links found ; Push/notification prompting keywords detected ; Interstitial/overlay/dark-pattern keywords detected ; Auto-refresh / ad refresh keywords detected
abc13.com,https://abc13.com/,abc13.com,80,Good domain,0.85,9,1.0,True,False,pub-9811502795429889,,,No obvious Article/News structured data detected ; Affiliate/arbitrage markers detected ; No clear About page found ; No clear Contact page found ; No clear Privacy/Terms links found ; Push/notification prompting keywords detected ; Interstitial/overlay/dark-pattern keywords detected ; Auto-refresh / ad refresh keywords detected
abc7.com,https://abc7.com/,abc7.com,80,Good domain,0.85,9,1.0,True,False,pub-9811502795429889,,,No obvious Article/News structured data detected ; Affiliate/arbitrage markers detected ; No clear About page found ; No clear Contact page found ; No clear Privacy/Terms links found ; Push/notification prompting keywords detected ; Interstitial/overlay/dark-pattern keywords detected ; Auto-refresh / ad refresh keywords detected
100picsquizanswers.com,https://www.100picsquizanswers.com/,100picsquizanswers.com,81,Good domain,0.75,6,1.0,False,False,,,G-K1Z0KM248X,No obvious Article/News structured data detected ; Affiliate/arbitrage markers detected ; No clear About page found ; Push/notification prompting keywords detected
11alive.com,https://www.11alive.com/,11alive.com,81,Good domain,0.75,4,1.0,True,False,,GTM-PKNBG6WG|gtm-id,,No obvious Article/News structured data detected ; No clear About page found ; No clear Contact page found ; No clear Privacy/Terms links found ; Push/notification prompting keywords detected ; Interstitial/overlay/dark-pattern keywords detected ; Auto-refresh / ad refresh keywords detected
10tv.com,https://www.10tv.com/,10tv.com,81,Good domain,0.75,4,1.0,True,False,,GTM-TF26DH9R|gtm-id,,No obvious Article/News structured data detected ; No clear About page found ; No clear Contact page found ; No clear Privacy/Terms links found ; Push/notification prompting keywords detected ; Interstitial/overlay/dark-pattern keywords detected ; Auto-refresh / ad refresh keywords detected
12tomatoes.com,https://12tomatoes.com/,12tomatoes.com,81,Good domain,0.85,9,1.0,True,False,,GTM-5S42N3,G-CBEZR8FDNG|UA-552099-106,No obvious Article/News structured data detected ; Affiliate/arbitrage markers detected ; No clear About page found ; No clear Contact page found ; No clear Privacy/Terms links found ; Push/notification prompting keywords detected ; Interstitial/overlay/dark-pattern keywords detected
1242.com,https://www.1242.com/,1242.com,81,Good domain,0.85,9,1.0,True,False,pub-7269811368561097,GTM-5R63PKS|GTM-PDGVWH,UA-153766325-1,No obvious Article/News structured data detected ; Affiliate/arbitrage markers detected ; No clear About page found ; No clear Contact page found ; No clear Privacy/Terms links found ; Push/notification prompting keywords detected ; Interstitial/overlay/dark-pattern keywords detected
9news.com,https://www.9news.com/,9news.com,81,Good domain,0.75,4,1.0,True,False,,GTM-T6WXLRFV|gtm-id,,No obvious Article/News structured data detected ; No clear About page found ; No clear Contact page found ; No clear Privacy/Terms links found ; Push/notification prompting keywords detected ; Interstitial/overlay/dark-pattern keywords detected ; Auto-refresh / ad refresh keywords detected
1390granitecitysports.com,https://1390granitecitysports.com/,1390granitecitysports.com,81,Good domain,0.85,9,1.0,True,False,,GTM-K346HJZ|GTM-NV8XQ98,G-3KQ42M4MYC|G-8C5HGCR9LW|G-TJD9K65K4N|UA-115003007-2|UA-115003007-3|UA-115003007-4|UA-115003007-7|UA-115003007-8|UA-1802430-4|UA-1802440-1|UA-180756957-13|UA-19109753-1|UA-28825804-2|UA-45260060-1|UA-45260060-8|UA-53779251-1|UA-53779251-3|UA-53779251-5,No obvious Article/News structured data detected ; Affiliate/arbitrage markers detected ; No clear About page found ; No clear Contact page found ; Push/notification prompting keywords detected ; Interstitial/overlay/dark-pattern keywords detected ; Auto-refresh / ad refresh keywords detected
444.hu,https://444.hu/,444.hu,81,Good domain,0.75,6,1.0,False,False,,,,No obvious Article/News structured data detected ; Affiliate/arbitrage markers detected ; No clear About page found ; No clear Contact page found ; No clear Privacy/Terms links found
3bmeteo.com,https://www.3bmeteo.com/,3bmeteo.com,81,Good domain,0.85,9,1.0,True,False,,,G-QP6HLHG4PG,No obvious Article/News structured data detected ; Affiliate/arbitrage markers detected ; No clear About page found ; No clear Contact page found ; No clear Privacy/Terms links found ; Push/notification prompting keywords detected ; Interstitial/overlay/dark-pattern keywords detected
24.hu,https://24.hu/,24.hu,81,Good domain,0.85,9,1.0,True,False,,,,No obvious Article/News structured data detected ; Affiliate/arbitrage markers detected ; No clear About page found ; No clear Contact page found ; No clear Privacy/Terms links found ; Push/notification prompting keywords detected ; Interstitial/overlay/dark-pattern keywords detected
abc7news.com,https://abc7news.com/,abc7news.com,81,Good domain,0.85,9,1.0,True,False,pub-9811502795429889,,,No obvious Article/News structured data detected ; Affiliate/arbitrage markers detected ; No clear Contact page found ; No clear Privacy/Terms links found ; Push/notification prompting keywords detected ; Interstitial/overlay/dark-pattern keywords detected ; Auto-refresh / ad refresh keywords detected
afr.com,https://www.afr.com/,afr.com,81,Good domain,0.75,6,1.0,False,False,,GTM-NN4PPKH|GTM-TN85F9FM,,No obvious Article/News structured data detected ; Affiliate/arbitrage markers detected ; No clear Privacy/Terms links found ; Push/notification prompting keywords detected
adnradio.cl,https://www.adnradio.cl/,adnradio.cl,81,Good domain,0.75,6,1.0,False,False,,gtm-yt,G-8J5XDWGZK2,Affiliate/arbitrage markers detected ; No clear About page found ; No clear Privacy/Terms links found ; Push/notification prompting keywords detected ; Interstitial/overlay/dark-pattern keywords detected
24tv.ua,https://24tv.ua/,24tv.ua,82,Good domain,0.75,4,1.0,True,False,,,,No obvious Article/News structured data detected ; No clear About page found ; No clear Contact page found ; No clear Privacy/Terms links found ; Push/notification prompting keywords detected ; Auto-refresh / ad refresh keywords detected
10000recipe.com,https://www.10000recipe.com/,10000recipe.com,82,Good domain,0.85,9,1.0,True,False,pub-1557771002660658,GTM-PDPW2LX,UA-62003031-2,No obvious Article/News structured data detected ; Affiliate/arbitrage markers detected ; No clear About page found ; No clear Privacy/Terms links found ; Push/notification prompting keywords detected ; Interstitial/overlay/dark-pattern keywords detected
abovethelaw.com,https://abovethelaw.com/,abovethelaw.com,82,Good domain,0.85,9,1.0,True,False,,GTM-M4K4QG,,No obvious Article/News structured data detected ; Affiliate/arbitrage markers detected ; No clear Contact page found ; Push/notification prompting keywords detected ; Interstitial/overlay/dark-pattern keywords detected ; Auto-refresh / ad refresh keywords detected
1001jeux.fr,https://www.1001jeux.fr/,1001jeux.fr,83,Good domain,0.85,9,1.0,True,False,,,,No obvious Article/News structured data detected ; Affiliate/arbitrage markers detected ; No clear About page found ; No clear Contact page found ; Interstitial/overlay/dark-pattern keywords detected
100things2do.ca,https://100things2do.ca/,100things2do.ca,83,Good domain,0.85,9,1.0,True,False,,,G-52VTP3CED5|UA-42714674-1,No obvious Article/News structured data detected ; Affiliate/arbitrage markers detected ; No clear About page found ; No clear Contact page found ; No clear Privacy/Terms links found ; Push/notification prompting keywords detected
1188.lv,https://www.1188.lv/,1188.lv,83,Good domain,0.85,9,1.0,True,False,pub-1066444100463751,GTM-569RRMW,,No obvious Article/News structured data detected ; Affiliate/arbitrage markers detected ; No clear About page found ; No clear Contact page found ; No clear Privacy/Terms links found ; Push/notification prompting keywords detected
4travel.jp,https://4travel.jp/,4travel.jp,83,Good domain,0.85,9,1.0,True,False,,GTM-N52DX3H,,No obvious Article/News structured data detected ; Affiliate/arbitrage markers detected ; Push/notification prompting keywords detected ; Interstitial/overlay/dark-pattern keywords detected ; Auto-refresh / ad refresh keywords detected
270towin.com,https://www.270towin.com/,270towin.com,83,Good domain,0.85,9,1.0,True,False,,,G-VLJHJ6H0Q3,No obvious Article/News structured data detected ; Affiliate/arbitrage markers detected ; No clear Privacy/Terms links found ; Push/notification prompting keywords detected ; Interstitial/overlay/dark-pattern keywords detected
afamily.vn,https://afamily.vn/,afamily.vn,83,Good domain,0.85,9,1.0,True,False,,GTM-NXS3J6S,,No obvious Article/News structured data detected ; Affiliate/arbitrage markers detected ; No clear About page found ; No clear Contact page found ; No clear Privacy/Terms links found ; Push/notification prompting keywords detected
ad.nl,https://www.ad.nl/,ad.nl,83,Good domain,0.85,9,1.0,True,False,,GTM-WCJFQQ,,Affiliate/arbitrage markers detected ; No clear About page found ; No clear Contact page found ; No clear Privacy/Terms links found ; Push/notification prompting keywords detected ; Interstitial/overlay/dark-pattern keywords detected ; Auto-refresh / ad refresh keywords detected
addictinggames.com,https://www.addictinggames.com/,addictinggames.com,84,Good domain,0.85,9,1.0,True,False,,,,No obvious Article/News structured data detected ; Affiliate/arbitrage markers detected ; Push/notification prompting keywords detected ; Interstitial/overlay/dark-pattern keywords detected
ajc.com,https://www.ajc.com/,ajc.com,84,Good domain,0.85,6,1.0,True,False,,GTM-WT4CBT7|gtm-0,,No obvious Article/News structured data detected ; Affiliate/arbitrage markers detected ; No clear Contact page found ; No clear Privacy/Terms links found ; Push/notification prompting keywords detected
90min.com,https://www.90min.com/,90min.com,86,Good domain,0.85,9,1.0,True,False,,GTM-TCW5HW,,Affiliate/arbitrage markers detected ; No clear Contact page found ; Push/notification prompting keywords detected ; Interstitial/overlay/dark-pattern keywords detected
abqjournal.com,https://www.abqjournal.com/,abqjournal.com,87,Good domain,0.85,9,1.0,True,False,,GTM-K8QMVNW,G-D0MD9NDNTK,Affiliate/arbitrage markers detected ; No clear Privacy/Terms links found ; Push/notification prompting keywords detected
